-- Seed data for famitask

-- Family Members
insert into family_members (id, name, avatar, color, role, total_points, is_admin) values
  ('a0000000-0000-0000-0000-000000000001', '妻', '👩', '#E91E63', 'adult', 0, false),
  ('a0000000-0000-0000-0000-000000000002', '夫', '👨', '#2196F3', 'adult', 0, true),
  ('a0000000-0000-0000-0000-000000000003', '娘', '👧', '#FF9800', 'child', 0, false);

-- Task Categories
insert into task_categories (id, name, emoji) values
  ('b0000000-0000-0000-0000-000000000001', '掃除', '🧹'),
  ('b0000000-0000-0000-0000-000000000002', '洗濯', '👕'),
  ('b0000000-0000-0000-0000-000000000003', '料理', '🍳'),
  ('b0000000-0000-0000-0000-000000000004', '買い物', '🛒'),
  ('b0000000-0000-0000-0000-000000000005', '子ども', '🎒'),
  ('b0000000-0000-0000-0000-000000000006', 'おでかけ', '🚗'),
  ('b0000000-0000-0000-0000-000000000007', '手続き', '📋'),
  ('b0000000-0000-0000-0000-000000000008', 'その他', '📦');

-- Recurring Task Templates
insert into recurring_task_templates (id, title, category_id, points, adult_only, created_by, recurrence_type, days_of_week, weeks_of_month, generation_time) values
  ('c0000000-0000-0000-0000-000000000001', '燃えるゴミ出し', 'b0000000-0000-0000-0000-000000000001', 1, false, 'a0000000-0000-0000-0000-000000000002', 'weekly', ARRAY[2,5], NULL, '06:00'),
  ('c0000000-0000-0000-0000-000000000002', '燃えないゴミ出し', 'b0000000-0000-0000-0000-000000000001', 1, false, 'a0000000-0000-0000-0000-000000000002', 'monthly_nth', ARRAY[3], ARRAY[2,4], '06:00'),
  ('c0000000-0000-0000-0000-000000000003', '食器洗い', 'b0000000-0000-0000-0000-000000000003', 2, false, 'a0000000-0000-0000-0000-000000000001', 'weekly', ARRAY[0,1,2,3,4,5,6], NULL, '19:00'),
  ('c0000000-0000-0000-0000-000000000004', 'お風呂掃除', 'b0000000-0000-0000-0000-000000000001', 3, false, 'a0000000-0000-0000-0000-000000000002', 'weekly', ARRAY[0,1,2,3,4,5,6], NULL, '18:00');

-- Sample Tasks
insert into tasks (title, category_id, status, adult_only, points, created_by, is_recurring) values
  ('洗濯物たたむ', 'b0000000-0000-0000-0000-000000000002', 'pending', false, 2, 'a0000000-0000-0000-0000-000000000001', false),
  ('習い事の準備', 'b0000000-0000-0000-0000-000000000005', 'pending', false, 2, 'a0000000-0000-0000-0000-000000000001', false),
  ('病院予約', 'b0000000-0000-0000-0000-000000000007', 'pending', true, 2, 'a0000000-0000-0000-0000-000000000001', false),
  ('保険の書類提出', 'b0000000-0000-0000-0000-000000000007', 'pending', true, 3, 'a0000000-0000-0000-0000-000000000002', false);
