-- Seed data for famitask

-- Family Members
insert into family_members (id, name, avatar, color, role, total_points, is_admin) values
  ('a0000000-0000-0000-0000-000000000001', '妻', '👩', '#E91E63', 'adult', 0, false),
  ('a0000000-0000-0000-0000-000000000002', '夫', '👨', '#2196F3', 'adult', 0, true),
  ('a0000000-0000-0000-0000-000000000003', '娘', '👧', '#FF9800', 'child', 0, false);

-- Task Categories
insert into task_categories (id, name, emoji) values
  ('b0000000-0000-0000-0000-000000000001', '掃除', '🧹'),
  ('b0000000-0000-0000-0000-000000000002', '洗濯', '👕'),
  ('b0000000-0000-0000-0000-000000000003', '料理', '🍳'),
  ('b0000000-0000-0000-0000-000000000004', '買い物', '🛒'),
  ('b0000000-0000-0000-0000-000000000005', '子ども', '🎒'),
  ('b0000000-0000-0000-0000-000000000006', 'おでかけ', '🚗'),
  ('b0000000-0000-0000-0000-000000000007', '手続き', '📋'),
  ('b0000000-0000-0000-0000-000000000008', 'その他', '📦');

-- Sample Tasks
insert into tasks (title, category_id, status, adult_only, points, created_by, is_recurring) values
  ('食器洗い', 'b0000000-0000-0000-0000-000000000003', 'pending', false, 2, 'a0000000-0000-0000-0000-000000000001', true),
  ('洗濯物たたむ', 'b0000000-0000-0000-0000-000000000002', 'pending', false, 2, 'a0000000-0000-0000-0000-000000000001', true),
  ('お風呂掃除', 'b0000000-0000-0000-0000-000000000001', 'pending', false, 3, 'a0000000-0000-0000-0000-000000000002', true),
  ('ゴミ出し', 'b0000000-0000-0000-0000-000000000001', 'pending', false, 1, 'a0000000-0000-0000-0000-000000000002', true),
  ('習い事の準備', 'b0000000-0000-0000-0000-000000000005', 'pending', false, 2, 'a0000000-0000-0000-0000-000000000001', false),
  ('病院予約', 'b0000000-0000-0000-0000-000000000007', 'pending', true, 2, 'a0000000-0000-0000-0000-000000000001', false),
  ('保険の書類提出', 'b0000000-0000-0000-0000-000000000007', 'pending', true, 3, 'a0000000-0000-0000-0000-000000000002', false);
